cluster,review_count,avg_finish_rate,pause_count,checkpoint_count,rewind_count,chinese_score,math_score,english_score
0,0.5128205128205128,42.92857142857143,0.15384615384615385,0.0,0.0,67.64102564102564,45.333333333333336,68.97435897435898
1,296.6981132075472,65.72627173864723,76.66037735849056,0.20754716981132076,6.018867924528302,69.45283018867924,47.16981132075472,77.67924528301887
2,1237.6666666666667,60.84889810890825,286.0,1.6666666666666667,60.666666666666664,68.66666666666667,58.666666666666664,84.66666666666667
